Metoda,TimestampAfisare realizata la data de: 28/04/2021 23:17:38
Afisare realizata la data de: 28/04/2021 23:17:44
Afisare realizata la data de: 28/04/2021 23:17:51
Afisare realizata la data de: 28/04/2021 23:18:04

Afisare realizata la data de: 28/04/2021 23:19:36
Afisare realizata la data de: 28/04/2021 23:19:38
Afisare realizata la data de: 28/04/2021 23:19:44
Afisare realizata la data de: 28/04/2021 23:19:48
Afisare realizata la data de: 28/04/2021 23:19:56
Eroare de alegere actiune realizata la data de: 28/04/2021 23:19:58
Eroare de alegere actiune realizata la data de: 28/04/2021 23:21:16
Eroare de alegere actiune realizata la data de: 28/04/2021 23:22:26
Eroare de alegere actiune realizata la data de: 28/04/2021 23:22:27
Eroare de alegere actiune realizata la data de: 28/04/2021 23:22:28Metoda,Timestamp